id,type,location,start_datetime,restoration_datetime,last_updated,affected_streets,discovered_at
9051,Não Programada,Rua Principal- Cavadinha,04/05/2026 10:40,04/05/2026 12:15,04/05/2026 10:02,Rua Principal- Cavadinha e ruas adjacentes,04/05/2026 16:20
9050,Não Programada,Ribeira,04/05/2026 07:20,04/05/2026 10:20,04/05/2026 06:50,Ribeira; Casais de Carcavelos; Carcavelos de Cima; Carcavelos de Baixo; Conceição,04/05/2026 16:20
9049,Não Programada,Rua Indústria- Vilar Prazeres,03/05/2026 09:30,03/05/2026 13:31,03/05/2026 08:15,Rua Indústria- Vilar Prazeres e ruas adjacentes,04/05/2026 16:20
9048,Não Programada,Rua ver o sol- Casal Salvador,02/05/2026 12:45,02/05/2026 18:10,02/05/2026 12:06,Rua ver o sol- Casal Salvador,04/05/2026 16:20
9047,Não Programada,Rua S. Tiago- Caneiro,02/05/2026 11:00,02/05/2026 15:00,02/05/2026 10:07,Rua S. Tiago- Caneiro e ruas adjacentes,04/05/2026 16:20
9046,Não Programada,Rua Portelinha- Pisões,02/05/2026 09:25,02/05/2026 12:10,02/05/2026 08:08,Rua Portelinha- Pisões e ruas adjacentes,04/05/2026 16:20
9045,Não Programada,Castelo,01/05/2026 10:30,01/05/2026 16:10,01/05/2026 09:08,Castelo; Rua Francisco dos Reis- Caxarias e ruas adjacentes,04/05/2026 16:20
9027,Não Programada,Rua Cumieira- Aldeia Nova,30/04/2026 08:45,30/04/2026 16:45,30/04/2026 07:23,Rua Cumieira- Aldeia Nova e ruas adjacentes,04/05/2026 16:20
9028,Não Programada,Rua 1º Dezembro- Ourém,30/04/2026 09:50,30/04/2026 14:50,30/04/2026 13:11,Rua 1º Dezembro- Ourém e ruas adjacentes,04/05/2026 16:20
9026,Não Programada,Rua Principal- Casal do Ribeiro,29/04/2026 17:30,29/04/2026 20:30,29/04/2026 16:25,Rua Principal- Casal do Ribeiro,04/05/2026 16:20
9025,Não Programada,Sobral,28/04/2026 20:55,29/04/2026 03:00,28/04/2026 20:11,Sobral,04/05/2026 16:20
9024,Não Programada,Rua Cumieira- Aldeia Nova,28/04/2026 18:30,28/04/2026 23:50,28/04/2026 17:47,Rua Cumieira- Aldeia Nova e ruas adjacentes,04/05/2026 16:20
9023,Não Programada,Rua Igreja- Seiça,28/04/2026 16:20,28/04/2026 20:00,28/04/2026 14:55,Rua Igreja- Seiça e ruas adjacentes,04/05/2026 16:20
9001,Programada,Rua Terra Fria- São Sebastião,28/04/2026 10:00,28/04/2026 13:00,24/04/2026 14:29,Rua Terra Fria- São Sebastião e ruas adjacentes,04/05/2026 16:20
9022,Não Programada,Rua Principal- Alveijar,28/04/2026 07:30,28/04/2026 10:30,28/04/2026 06:57,Rua Principal- Alveijar; Estrada Fontes- Alveijar e ruas adjacentes,04/05/2026 16:20
9021,Não Programada,Rua Igreja- Seiça,26/04/2026 04:10,26/04/2026 12:10,26/04/2026 03:33,Rua Igreja- Seiça,04/05/2026 16:20
9020,Não Programada,Rua São Cristovão- Abades,25/04/2026 10:15,25/04/2026 13:30,25/04/2026 10:08,Rua São Cristovão- Abades,04/05/2026 16:20
9000,Não Programada,Rua Moinhos- Casal do Ribeiro,24/04/2026 11:30,24/04/2026 16:30,24/04/2026 10:30,Rua Moinhos- Casal do Ribeiro e ruas adjacentes,04/05/2026 16:20
8999,Não Programada,Abadia,24/04/2026 01:10,24/04/2026 10:10,24/04/2026 00:33,Abadia,04/05/2026 16:20
8988,Programada,Rua São José- Cova da Iria,23/04/2026 09:00,23/04/2026 13:00,20/04/2026 17:13,Rua São José- Cova da Iria; Avenida Beato Nuno- Cova da Iria,04/05/2026 16:20
8996,Não Programada,Casa Caiada,23/04/2026 09:10,23/04/2026 12:00,23/04/2026 07:39,Casa Caiada; Perdigão; Vesparia; Lavradio; Casal Menino,04/05/2026 16:20
8995,Não Programada,Abadia,22/04/2026 10:15,22/04/2026 13:15,22/04/2026 09:17,Abadia,04/05/2026 16:20
8975,Não Programada,Rua Doutor Júlio Ferreira Constantino- Cova da Iria,22/04/2026 09:00,22/04/2026 12:00,17/04/2026 09:48,Rua Doutor Júlio Ferreira Constantino- Cova da Iria,04/05/2026 16:20
8977,Programada,Rua Doutor Júlio Ferreira Constantino- Cova da Iria,22/04/2026 09:00,22/04/2026 12:00,17/04/2026 10:02,Rua Doutor Júlio Ferreira Constantino- Cova da Iria,04/05/2026 16:20
8994,Não Programada,Rua Casal- Sobral,22/04/2026 02:55,22/04/2026 08:55,22/04/2026 01:59,Rua Casal- Sobral,04/05/2026 16:20
8993,Não Programada,Rua Principal - Cercal,21/04/2026 14:05,21/04/2026 19:00,21/04/2026 13:08,Rua Principal - Cercal,04/05/2026 16:20
8992,Não Programada,Rua Capela- Perucha,21/04/2026 11:35,21/04/2026 15:40,21/04/2026 10:41,Rua Capela- Perucha e ruas adjacentes,04/05/2026 16:20
8976,Programada,Rua Olaria- Ourém,21/04/2026 09:00,21/04/2026 13:00,17/04/2026 10:01,Rua Olaria- Ourém; Rua António José Almeida- Ourém,04/05/2026 16:20
8991,Não Programada,Urbanização Dom Manuel II- Vilar Prazeres,21/04/2026 08:20,21/04/2026 12:20,21/04/2026 07:29,Urbanização Dom Manuel II- Vilar Prazeres,04/05/2026 16:20
8990,Não Programada,Faletia,21/04/2026 07:30,21/04/2026 10:30,21/04/2026 06:42,Faletia; Valados; Lameirinha; Barreira,04/05/2026 16:20
8989,Não Programada,Sobral,20/04/2026 18:50,20/04/2026 20:30,20/04/2026 17:30,Sobral,04/05/2026 16:20
8987,Não Programada,Óbidos,20/04/2026 10:15,20/04/2026 12:00,20/04/2026 09:35,Óbidos,04/05/2026 16:20
8986,Não Programada,Rua Cavadas - Fontainhas da Serra,20/04/2026 00:30,20/04/2026 11:30,19/04/2026 23:51,Rua Cavadas - Fontainhas da Serra e ruas adjacentes,04/05/2026 16:20
8985,Não Programada,Cisterna,19/04/2026 10:15,19/04/2026 17:15,19/04/2026 09:23,Cisterna,04/05/2026 16:20
8984,Não Programada,Pisão do Oleiro,18/04/2026 16:55,18/04/2026 22:55,18/04/2026 15:54,Pisão do Oleiro; Rua Pisão Oleiro- Andrés,04/05/2026 16:20
8983,Não Programada,Laranjeiras,18/04/2026 09:25,18/04/2026 19:25,18/04/2026 15:55,Laranjeiras,04/05/2026 16:20
8982,Não Programada,Rua Nossa Senhora Fátima- Ourém,18/04/2026 00:10,18/04/2026 16:10,18/04/2026 15:55,Rua Nossa Senhora Fátima- Ourém e ruas adjacentes,04/05/2026 16:20
8981,Não Programada,Rua Principal - Cercal,17/04/2026 21:35,17/04/2026 23:50,17/04/2026 20:37,Rua Principal - Cercal e ruas adjacentes,04/05/2026 16:20
8980,Não Programada,Rua Bom Samaritano- Cova da Iria,17/04/2026 20:03,17/04/2026 21:02,17/04/2026 19:02,Rua Bom Samaritano- Cova da Iria e ruas adjacentes,04/05/2026 16:20
8979,Não Programada,Casais de Carcavelos,17/04/2026 17:00,17/04/2026 19:30,17/04/2026 16:03,Casais de Carcavelos; Carcavelos de Cima,04/05/2026 16:20
8974,Não Programada,Rua Clube Desportivo Vilarense- Vilar Prazeres,17/04/2026 05:30,17/04/2026 18:00,17/04/2026 05:11,Rua Clube Desportivo Vilarense- Vilar Prazeres e ruas adjacentes,04/05/2026 16:20
8978,Não Programada,Rua Cerrada- Valinho,17/04/2026 11:45,17/04/2026 17:45,17/04/2026 10:48,Rua Cerrada- Valinho,04/05/2026 16:20
8971,Não Programada,Rua Nossa Senhora do Rosário - Cercal,16/04/2026 23:50,17/04/2026 12:00,16/04/2026 22:58,Rua Nossa Senhora do Rosário - Cercal e ruas adjacentes,04/05/2026 16:20
8972,Não Programada,Rua Principal - Cercal,16/04/2026 23:50,17/04/2026 12:00,16/04/2026 23:00,Rua Principal - Cercal e ruas adjacentes,04/05/2026 16:20
8973,Não Programada,Rua Mosqueiro- Cercal,16/04/2026 23:50,17/04/2026 12:00,16/04/2026 23:05,Rua Mosqueiro- Cercal,04/05/2026 16:20
8970,Não Programada,Cercal,16/04/2026 15:15,16/04/2026 23:59,16/04/2026 14:20,Cercal,04/05/2026 16:20
8969,Não Programada,Rua Principal - Cercal,16/04/2026 14:30,16/04/2026 20:30,16/04/2026 12:55,Rua Principal - Cercal e ruas adjacentes,04/05/2026 16:20
8968,Não Programada,Rua Nossa Senhora do Rosário - Cercal,16/04/2026 11:15,16/04/2026 16:45,16/04/2026 10:24,Rua Nossa Senhora do Rosário - Cercal e ruas adjacentes,04/05/2026 16:20
8966,Não Programada,Rua Principal - Cercal,16/04/2026 09:00,16/04/2026 15:00,16/04/2026 08:09,Rua Principal - Cercal e ruas adjacentes,04/05/2026 16:20
8967,Não Programada,Rua de São Miguel- Lagarinho,16/04/2026 10:00,16/04/2026 13:00,16/04/2026 09:21,Rua de São Miguel- Lagarinho e ruas adjacentes,04/05/2026 16:20
8964,Não Programada,Rua Nossa Senhora do Rosário - Cercal,16/04/2026 00:50,16/04/2026 12:30,16/04/2026 00:24,Rua Nossa Senhora do Rosário - Cercal; Rua Meio - Cercal,04/05/2026 16:20
8965,Não Programada,Rua Principal - Cercal,16/04/2026 00:55,16/04/2026 10:30,16/04/2026 00:25,Rua Principal - Cercal,04/05/2026 16:20
8953,Não Programada,Rua Imaculado Coração Maria- Cova da Iria,15/04/2026 10:00,15/04/2026 19:00,15/04/2026 13:00,Rua Imaculado Coração Maria- Cova da Iria,04/05/2026 16:20
8950,Programada,Rua 1º Dezembro- Ourém,15/04/2026 14:00,15/04/2026 18:00,13/04/2026 11:04,Rua 1º Dezembro- Ourém e ruas adjacentes,04/05/2026 16:20
8952,Não Programada,Olival,14/04/2026 07:30,14/04/2026 22:00,14/04/2026 16:27,Olival; Brejo; Aldeia Nova; Óbidos; Barrocaria; Cercal; Ninho de Águia; Matos,04/05/2026 16:20
8951,Não Programada,Rua Padre Luis- Abades,13/04/2026 17:55,13/04/2026 20:55,13/04/2026 16:59,Rua Padre Luis- Abades,04/05/2026 16:20
8948,Não Programada,Rua Imaculado Coração Maria- Cova da Iria,13/04/2026 08:50,13/04/2026 13:50,13/04/2026 07:25,Rua Imaculado Coração Maria- Cova da Iria e ruas adjacentes,04/05/2026 16:20
8949,Não Programada,Rua Principal- Casal do Ribeiro,13/04/2026 10:30,13/04/2026 12:30,13/04/2026 09:42,Rua Principal- Casal do Ribeiro e ruas adjacentes,04/05/2026 16:20
8947,Não Programada,Rua Central- Cercal,13/04/2026 00:55,13/04/2026 10:00,13/04/2026 00:15,Rua Central- Cercal; Rua Central- Ninho de Águia,04/05/2026 16:20
8946,Não Programada,Carvalhal de Seiça,11/04/2026 15:00,11/04/2026 19:30,11/04/2026 15:53,Carvalhal de Seiça; Chão de Maçãs,04/05/2026 16:20
8945,Não Programada,Rua Pisões- Pisões,11/04/2026 00:50,11/04/2026 13:00,11/04/2026 00:25,Rua Pisões- Pisões e ruas adjacentes,04/05/2026 16:20
8944,Não Programada,Rua Fonte- São Jorge,10/04/2026 11:45,10/04/2026 16:45,10/04/2026 10:43,Rua Fonte- São Jorge; Rua Tuna- São Jorge,04/05/2026 16:20
8943,Não Programada,Rua Padre Luis- Abades,10/04/2026 07:15,10/04/2026 11:15,10/04/2026 05:14,Rua Padre Luis- Abades e ruas adjacentes,04/05/2026 16:20
8942,Não Programada,Rua Ladeirinha- Moita Redonda,09/04/2026 21:15,09/04/2026 23:59,09/04/2026 19:39,Rua Ladeirinha- Moita Redonda e ruas adjacentes,04/05/2026 16:20
8918,Não Programada,Rua Rosmaninhal - Olival,09/04/2026 09:30,09/04/2026 18:30,09/04/2026 15:13,Rua Rosmaninhal - Olival,04/05/2026 16:20
8917,Não Programada,Vermoeira,09/04/2026 06:00,09/04/2026 09:30,09/04/2026 05:08,Vermoeira; Marta de Cima,04/05/2026 16:20
8916,Não Programada,Rua Ladeirinha- Moita Redonda,08/04/2026 16:30,08/04/2026 21:00,08/04/2026 14:56,Rua Ladeirinha- Moita Redonda e ruas adjacentes,04/05/2026 16:20
8915,Não Programada,Rua Voluntários- Fontainhas da Serra,08/04/2026 14:15,08/04/2026 18:15,08/04/2026 13:16,Rua Voluntários- Fontainhas da Serra; Rua Cavadas - Fontainhas da Serra; Rua Arneiro- Fontainhas da Serra,04/05/2026 16:20
8914,Não Programada,Alvega,08/04/2026 14:00,08/04/2026 16:30,08/04/2026 13:02,Alvega,04/05/2026 16:20
8913,Não Programada,Valados,08/04/2026 07:15,08/04/2026 09:15,08/04/2026 06:29,Valados; Cogominho,04/05/2026 16:20
8912,Não Programada,Estrada Fontainhas - Alburitel,07/04/2026 15:20,07/04/2026 19:20,07/04/2026 14:25,Estrada Fontainhas - Alburitel e ruas adjacentes,04/05/2026 16:20
8911,Não Programada,Travessa Monte- Vales,06/04/2026 17:46,06/04/2026 21:45,06/04/2026 16:32,Travessa Monte- Vales e ruas adjacentes,04/05/2026 16:20
8910,Não Programada,Rua Eirado do Moinho- Lourinha,05/04/2026 19:45,05/04/2026 21:45,05/04/2026 18:53,Rua Eirado do Moinho- Lourinha e ruas adjacentes,04/05/2026 16:20
8909,Não Programada,Rua Quingostas- Lourinha,05/04/2026 04:00,05/04/2026 12:00,05/04/2026 04:03,Rua Quingostas- Lourinha; Rua Quinta- Lourinha,04/05/2026 16:20
9071,Programada,Praça Dona Maria II- Ourém,07/05/2026 09:00,07/05/2026 13:00,04/05/2026 17:04,Praça Dona Maria II- Ourém; Rua Gregório Correia- Ourém e ruas adjacentes,04/05/2026 17:33
9072,Não Programada,Vale Ugreiro,05/05/2026 03:30,05/05/2026 14:00,05/05/2026 03:05,Vale Ugreiro; Cortes; Arieiro; Barreira das Cortes; Braga; Casal do Monte; Chã,05/05/2026 03:06
9076,Não Programada,Alvega,05/05/2026 14:35,05/05/2026 17:35,05/05/2026 15:14,Alvega,05/05/2026 15:37
9077,Programada,Rua Lomba - Fontainhas da Serra,08/05/2026 09:15,08/05/2026 13:00,05/05/2026 16:29,Rua Lomba - Fontainhas da Serra; Rua Arneirinho - Fontainhas da Serra; Rua Principal - Fontainhas da Serra; Rua Castanheiro - Fontainhas da Serra e ruas adjacentes,05/05/2026 16:33
9078,Não Programada,Andrés,06/05/2026 05:00,06/05/2026 10:10,06/05/2026 04:10,Andrés; Pisão do Oleiro,06/05/2026 05:06
9079,Não Programada,Estrada Lago- Caridade,06/05/2026 09:45,06/05/2026 12:45,06/05/2026 08:55,Estrada Lago- Caridade; Estrada Principal- Alqueidão e ruas adjacentes,06/05/2026 09:48
9080,Não Programada,Rua Capela- Tomareis,06/05/2026 10:45,06/05/2026 12:45,06/05/2026 09:48,Rua Capela- Tomareis e ruas adjacentes,06/05/2026 10:41
9081,Não Programada,Pisões,06/05/2026 16:00,06/05/2026 19:00,06/05/2026 15:05,Pisões; Rua Pisões- Caxarias; Rua Vales- Caxarias,06/05/2026 15:47
9082,Não Programada,Rua Principal- Pederneira,07/05/2026 06:50,07/05/2026 12:00,07/05/2026 05:19,Rua Principal- Pederneira; Rua Passagem Nível- Pederneira e ruas adjacentes,07/05/2026 07:00
9083,Não Programada,Alcadaria,07/05/2026 15:30,07/05/2026 16:15,07/05/2026 14:47,Alcadaria,07/05/2026 14:56
9114,Não Programada,Estrada Covão- Urqueira,08/05/2026 12:08,08/05/2026 15:30,08/05/2026 11:10,Estrada Covão- Urqueira,08/05/2026 11:31
9116,Programada,Rua Cruzeiro- Matas,13/05/2026 14:00,13/05/2026 17:00,08/05/2026 16:22,Rua Cruzeiro- Matas; Travessa Ginjeiras- Matas; Travessa Lages- Matas e ruas adjacentes,08/05/2026 16:31
9115,Não Programada,Porto Velho,08/05/2026 17:15,08/05/2026 19:15,08/05/2026 15:44,Porto Velho,08/05/2026 16:31
9117,Não Programada,Sobral,08/05/2026 19:30,08/05/2026 23:30,08/05/2026 18:22,Sobral,08/05/2026 18:30
9119,Não Programada,Peras Ruivas,13/05/2026 15:20,13/05/2026 18:30,13/05/2026 13:46,Peras Ruivas,13/05/2026 15:02
9120,Não Programada,Rua Canteiros- Casal de Baixo,14/05/2026 18:00,14/05/2026 20:00,14/05/2026 17:07,Rua Canteiros- Casal de Baixo e ruas adjacentes,14/05/2026 17:35
9121,Não Programada,Estrada Fátima- Atouguia,15/05/2026 08:30,15/05/2026 12:00,15/05/2026 07:10,Estrada Fátima- Atouguia; Rua Calços- Atouguia; Alvega; São Sebastião; Estrada Fátima- Casal Novo e ruas adjacentes,15/05/2026 09:04
9122,Não Programada,Andrés,15/05/2026 11:15,15/05/2026 15:20,15/05/2026 10:18,Andrés; Pisão do Oleiro,15/05/2026 10:48
9123,Não Programada,Rua Central- Ninho de Águia,15/05/2026 18:00,15/05/2026 21:00,15/05/2026 16:35,Rua Central- Ninho de Águia e ruas adjacentes,15/05/2026 16:36
9124,Não Programada,Rua Padre António Martins Pereira- Cova da Iria,16/05/2026 11:05,16/05/2026 12:15,16/05/2026 10:09,Rua Padre António Martins Pereira- Cova da Iria e ruas adjacentes,16/05/2026 10:28
9125,Não Programada,Cumeada,16/05/2026 15:15,16/05/2026 16:30,16/05/2026 14:20,Cumeada; Junqueira,16/05/2026 14:29
9126,Não Programada,Sesmarias,18/05/2026 07:10,18/05/2026 10:00,18/05/2026 07:00,Sesmarias,18/05/2026 07:24
9127,Não Programada,Rua Padre Faustino Jacinto Ferreira- Cercal,19/05/2026 07:05,19/05/2026 10:05,19/05/2026 06:10,Rua Padre Faustino Jacinto Ferreira- Cercal e ruas adjacentes,19/05/2026 07:14
9128,Não Programada,Rua Domingos Dias- Peras Ruivas,19/05/2026 11:00,19/05/2026 13:00,19/05/2026 09:43,Rua Domingos Dias- Peras Ruivas e ruas adjacentes,19/05/2026 11:05
9129,Não Programada,Rua Santo Andre- Andrés,20/05/2026 16:30,20/05/2026 20:15,20/05/2026 15:14,Rua Santo Andre- Andrés,20/05/2026 17:04
9130,Não Programada,Andrés,20/05/2026 21:30,20/05/2026 23:50,20/05/2026 20:12,Andrés,20/05/2026 20:43
9131,Não Programada,Cumeada,20/05/2026 22:00,21/05/2026 12:10,20/05/2026 21:14,Cumeada; Junqueira; Charneca; Cardal de Baixo,20/05/2026 21:35
9132,Não Programada,Avenida Dom Afonso Henriques- Sobral,21/05/2026 15:30,21/05/2026 20:30,21/05/2026 14:17,Avenida Dom Afonso Henriques- Sobral e ruas adjacentes,21/05/2026 15:06
9133,Não Programada,Estrada Fátima- Atouguia,22/05/2026 01:00,22/05/2026 13:00,22/05/2026 00:12,Estrada Fátima- Atouguia e ruas adjacentes,22/05/2026 00:40
9135,Não Programada,Rua Cónego Pereira Simões- Espite,22/05/2026 17:30,22/05/2026 21:30,22/05/2026 15:25,Rua Cónego Pereira Simões- Espite e ruas adjacentes,22/05/2026 16:45
9134,Não Programada,Rua Francisco Marques Pereira (Pina)- Ourém,22/05/2026 15:45,22/05/2026 17:15,22/05/2026 15:07,Rua Francisco Marques Pereira (Pina)- Ourém; Rua José Honorio Sao Ribeiro- Ourém,22/05/2026 16:45
9136,Não Programada,Carapita,22/05/2026 22:15,22/05/2026 23:59,22/05/2026 21:10,Carapita; Hortas; Casal Hortas; Rua Vale do Lobo- Carapita; Travessa Vale do Lobo- Carapita e ruas adjacentes,22/05/2026 21:26
9137,Não Programada,,23/05/2026 14:50,23/05/2026 19:30,23/05/2026 13:24,,23/05/2026 13:31
9138,Não Programada,Soutaria,24/05/2026 09:45,24/05/2026 15:00,24/05/2026 08:24,Soutaria; Gondemaria,24/05/2026 08:52
9139,Não Programada,Rio de Couros,24/05/2026 18:15,24/05/2026 22:15,24/05/2026 17:18,Rio de Couros; Sandoeira; Soalheira; Formigais,24/05/2026 17:22
9140,Não Programada,Rua Cruzeiro- Santo Amaro,25/05/2026 06:45,25/05/2026 13:00,25/05/2026 05:59,Rua Cruzeiro- Santo Amaro; Mulher Morta; Tijolo; Beltroa; Quinta do Feto e ruas adjacentes,25/05/2026 07:34
9141,Programada,Barrocaria,28/05/2026 09:00,28/05/2026 13:00,25/05/2026 17:13,Barrocaria; Cercal; Matos; Ninho de Águia; Vale Feto; Vales,25/05/2026 17:33
9142,Não Programada,Estremadouro,25/05/2026 18:15,25/05/2026 21:00,25/05/2026 18:00,Estremadouro; Chão de Maçãs,25/05/2026 18:34
9143,Não Programada,Rua Santa Teresa Ourém- Ourém,26/05/2026 02:50,26/05/2026 14:00,26/05/2026 02:06,Rua Santa Teresa Ourém- Ourém e ruas adjacentes,26/05/2026 03:07
9144,Não Programada,Rua Mirante- Vilar Prazeres,26/05/2026 15:30,26/05/2026 20:30,26/05/2026 14:09,Rua Mirante- Vilar Prazeres e ruas adjacentes,26/05/2026 16:19
9145,Não Programada,Rua Alqueidão- Alqueidão,26/05/2026 17:45,26/05/2026 22:45,26/05/2026 16:45,Rua Alqueidão- Alqueidão e ruas adjacentes,26/05/2026 18:00
9146,Não Programada,Mata,27/05/2026 07:50,27/05/2026 11:50,27/05/2026 06:53,Mata,27/05/2026 07:27
9147,Não Programada,Caxarias,27/05/2026 11:10,27/05/2026 19:10,27/05/2026 10:19,Caxarias; Pisões; Vendas,27/05/2026 11:13
9148,Não Programada,Brejo,27/05/2026 19:00,27/05/2026 22:00,27/05/2026 19:08,Brejo,27/05/2026 19:41
9149,Não Programada,Carcavelos de Cima,28/05/2026 07:20,28/05/2026 11:20,28/05/2026 06:24,Carcavelos de Cima,28/05/2026 07:21
9150,Não Programada,Valada,28/05/2026 15:00,28/05/2026 20:00,28/05/2026 13:56,Valada,28/05/2026 15:09
9151,Não Programada,Rua Abelheira - Cercal,28/05/2026 16:15,28/05/2026 23:15,28/05/2026 15:33,Rua Abelheira - Cercal e ruas adjacentes,28/05/2026 17:16
9152,Não Programada,Beltroa,29/05/2026 00:00,29/05/2026 09:00,28/05/2026 23:39,Beltroa,29/05/2026 00:44
9153,Não Programada,Rua Mata- Folgado,29/05/2026 03:50,29/05/2026 14:00,29/05/2026 03:33,Rua Mata- Folgado e ruas adjacentes,29/05/2026 05:28
9154,Não Programada,Rua Nossa Senhora da Graça- Sobral,30/05/2026 10:05,30/05/2026 14:10,30/05/2026 09:12,Rua Nossa Senhora da Graça- Sobral e ruas adjacentes,30/05/2026 09:37
9155,Não Programada,Rua Centro- Gaiteiros,30/05/2026 14:00,30/05/2026 19:00,30/05/2026 12:56,Rua Centro- Gaiteiros,30/05/2026 13:32
9156,Não Programada,Rua Pombalinho- Seiça,30/05/2026 23:00,31/05/2026 12:00,30/05/2026 22:02,Rua Pombalinho- Seiça; Rua Padrão - Seiça; Estrada Nacional 113- Seiça e ruas adjacentes,30/05/2026 22:21
9157,Não Programada,Rua Pinhal Rei- Laranjeiras,31/05/2026 02:30,31/05/2026 15:30,31/05/2026 01:46,Rua Pinhal Rei- Laranjeiras e ruas adjacentes,31/05/2026 03:08
9158,Não Programada,Beco Saudade- Sobral,01/06/2026 06:40,01/06/2026 11:40,01/06/2026 05:22,Beco Saudade- Sobral e ruas adjacentes,01/06/2026 05:38
9195,Não Programada,Rio de Couros,01/06/2026 15:30,01/06/2026 19:30,01/06/2026 15:49,Rio de Couros; Águas Formosas,01/06/2026 16:52
9196,Não Programada,Rua Fontinha- Brejo,02/06/2026 07:10,02/06/2026 10:10,02/06/2026 06:10,Rua Fontinha- Brejo e ruas adjacentes,02/06/2026 07:39
9198,Não Programada,Alqueidão,02/06/2026 15:22,02/06/2026 19:22,02/06/2026 14:22,Alqueidão,02/06/2026 15:24
9197,Não Programada,Estrada Nacional 113- Seiça,02/06/2026 15:21,02/06/2026 18:21,02/06/2026 14:22,Estrada Nacional 113- Seiça,02/06/2026 15:24
9199,Não Programada,Casaria,02/06/2026 19:50,03/06/2026 01:00,02/06/2026 19:59,Casaria; Rua Cerrada- Casaria e ruas adjacentes,02/06/2026 21:04
9200,Não Programada,Rua Brejoeira- Casal do Ribeiro,02/06/2026 23:00,03/06/2026 14:00,02/06/2026 22:57,Rua Brejoeira- Casal do Ribeiro e ruas adjacentes,02/06/2026 23:34
9250,Não Programada,Travessa do Vale Sobreiro- Casal do Monte,05/06/2026 08:40,05/06/2026 12:40,05/06/2026 07:08,Travessa do Vale Sobreiro- Casal do Monte e ruas adjacentes,05/06/2026 07:30
9251,Não Programada,Rua Painel- Pinheiro,05/06/2026 12:30,05/06/2026 17:30,05/06/2026 11:39,Rua Painel- Pinheiro e ruas adjacentes,05/06/2026 13:01
9252,Não Programada,Estrada Fátima- Atouguia,05/06/2026 19:00,05/06/2026 23:00,05/06/2026 17:47,Estrada Fátima- Atouguia e ruas adjacentes,05/06/2026 18:40
9253,Não Programada,Andrés,06/06/2026 05:25,06/06/2026 13:00,06/06/2026 05:28,Andrés; Pisão do Oleiro,06/06/2026 07:05
9254,Não Programada,Sobral,06/06/2026 10:00,06/06/2026 16:00,06/06/2026 09:02,Sobral,06/06/2026 09:42
9255,Não Programada,Casal do Ribeiro,06/06/2026 17:45,06/06/2026 19:00,06/06/2026 16:52,Casal do Ribeiro,06/06/2026 17:27
9256,Não Programada,Rua Vales- Caxarias,07/06/2026 10:50,07/06/2026 13:50,07/06/2026 09:54,Rua Vales- Caxarias e ruas adjacentes,07/06/2026 10:45
9257,Não Programada,Rua Indústria- Vilar Prazeres,07/06/2026 14:40,07/06/2026 17:40,07/06/2026 13:38,Rua Indústria- Vilar Prazeres e ruas adjacentes,07/06/2026 14:37
9258,Não Programada,Alqueidão de Seiça,08/06/2026 10:30,08/06/2026 16:40,08/06/2026 09:37,Alqueidão de Seiça; Outeiro de Seiça; Carvalhal de Seiça; Estremadouro; Chão de Maçãs,08/06/2026 11:37
9259,Não Programada,Alqueidão,08/06/2026 14:30,08/06/2026 16:54,08/06/2026 12:55,Alqueidão,08/06/2026 13:28
9260,Não Programada,Rua Domingos Dias- Peras Ruivas,08/06/2026 17:45,08/06/2026 23:00,08/06/2026 17:02,Rua Domingos Dias- Peras Ruivas e ruas adjacentes,08/06/2026 17:07
9261,Não Programada,Travessa Salgada- Carcavelos de Cima,09/06/2026 07:40,09/06/2026 10:40,09/06/2026 06:59,Travessa Salgada- Carcavelos de Cima e ruas adjacentes,09/06/2026 07:14
9262,Não Programada,Rua Outeiro- Barrocaria,09/06/2026 12:00,09/06/2026 17:00,09/06/2026 11:54,Rua Outeiro- Barrocaria; Rua Capela- Barrocaria; Rua Tarracha- Barrocaria; Rua Armeiro- Barrocaria; Beco Carvalhal- Barrocaria; Rua Fonte- Barrocaria; Rua Outeirinho- Barrocaria,09/06/2026 13:00
9263,Não Programada,Alqueidão,09/06/2026 16:00,09/06/2026 18:00,09/06/2026 15:49,Alqueidão,09/06/2026 16:55
9264,Não Programada,Paiveira,09/06/2026 18:00,09/06/2026 22:00,09/06/2026 16:58,Paiveira,09/06/2026 17:43
9265,Não Programada,Avenida Beato Nuno- Cova da Iria,10/06/2026 00:40,10/06/2026 11:40,10/06/2026 00:21,Avenida Beato Nuno- Cova da Iria e ruas adjacentes,10/06/2026 00:46
9266,Não Programada,Rua Saudade- Folgado,10/06/2026 11:30,10/06/2026 18:00,10/06/2026 10:58,Rua Saudade- Folgado; Rua Mata- Folgado; Rua Folgado- Folgado; Rua Viso- Folgado; Beco Viso- Folgado; Gondemaria,10/06/2026 11:16
9267,Não Programada,Rua Cortada - Olival,10/06/2026 23:10,11/06/2026 10:10,10/06/2026 22:13,Rua Cortada - Olival e ruas adjacentes,10/06/2026 22:37
9268,Não Programada,Alburitel,11/06/2026 09:41,11/06/2026 13:41,11/06/2026 08:42,Alburitel,11/06/2026 09:30
9269,Não Programada,Rua Escola- Carcavelos de Cima,12/06/2026 07:00,12/06/2026 12:00,12/06/2026 05:22,Rua Escola- Carcavelos de Cima e ruas adjacentes,12/06/2026 05:35
9270,Não Programada,Rua Moinhos - Cercal,12/06/2026 11:15,12/06/2026 16:15,12/06/2026 10:13,Rua Moinhos - Cercal e ruas adjacentes,12/06/2026 11:17
9271,Não Programada,Arieiro,12/06/2026 17:20,12/06/2026 21:30,12/06/2026 15:45,Arieiro,12/06/2026 17:00
9272,Não Programada,Faletia,13/06/2026 11:15,13/06/2026 15:15,13/06/2026 10:13,Faletia; Sorieira,13/06/2026 10:48
9273,Não Programada,Rua Engenhos- Casal do Ribeiro,14/06/2026 11:50,14/06/2026 16:00,14/06/2026 11:26,Rua Engenhos- Casal do Ribeiro; Engenho,14/06/2026 11:46
9274,Não Programada,Sobral,15/06/2026 07:00,15/06/2026 11:00,15/06/2026 06:03,Sobral,15/06/2026 07:59
9276,Não Programada,Peras Ruivas,15/06/2026 10:50,15/06/2026 13:00,15/06/2026 10:01,Peras Ruivas,15/06/2026 10:19
9275,Não Programada,Rua Principal- Rio de Couros,15/06/2026 09:10,15/06/2026 12:20,15/06/2026 08:23,Rua Principal- Rio de Couros; Aguas Formosas e ruas adjacentes,15/06/2026 10:19
